#{"t_start": 1618548176.2107072, "env_id": "BreakoutNoFrameskip-v0"}
r,l,t
0.0,23,3.118114
0.0,23,3.367876
0.0,23,3.582188
0.0,25,3.814371
0.0,29,4.082415
1.0,71,5.717479
0.0,30,6.008778
0.0,44,7.192248
0.0,28,7.442428
1.0,73,8.1445
0.0,23,9.12831
1.0,74,9.812728
1.0,76,11.247624
0.0,27,11.527834
0.0,27,11.791364
0.0,23,12.0108
0.0,27,12.986938
0.0,33,13.299775
0.0,27,13.562771
2.0,98,15.191968
0.0,23,15.428406
0.0,25,15.68165
0.0,33,15.988511
0.0,23,16.951191
0.0,31,17.2392
0.0,23,17.471496
0.0,27,17.726296
0.0,25,17.968694
0.0,25,18.952787
1.0,65,19.588958
1.0,69,21.050601
1.0,52,21.532353
0.0,23,21.744907
0.0,27,22.008693
1.0,76,23.541854
0.0,23,23.760939
2.0,122,25.671482
0.0,25,25.930982
0.0,27,26.935294
0.0,25,27.176095
1.0,70,27.83429
0.0,27,28.853486
0.0,25,29.096918
1.0,72,29.792466
0.0,25,30.031117
0.0,23,31.004617
0.0,25,31.234226
0.0,23,31.455765
1.0,70,32.899933
0.0,23,33.119247
0.0,23,33.362254
0.0,27,33.633086
0.0,25,33.869725
0.0,23,34.831378
0.0,25,35.066709
0.0,23,35.301691
0.0,23,35.531089
0.0,28,35.790111
0.0,25,36.783315
0.0,23,37.009811
0.0,23,37.233904
0.0,36,37.559779
2.0,109,39.351717
0.0,31,39.640816
0.0,23,39.85335
0.0,23,40.853777
2.0,104,41.839954
1.0,73,43.307806
0.0,26,43.549938
1.0,75,45.032696
2.0,98,46.715711
1.0,78,47.446584
0.0,27,47.736537
0.0,23,48.685552
0.0,29,48.972862
0.0,23,49.206908
0.0,33,49.518549
2.0,98,51.212634
0.0,26,51.457026
0.0,26,51.704872
0.0,23,52.667264
0.0,23,52.886474
0.0,29,53.171834
0.0,23,53.391127
2.0,98,55.053348
2.0,98,56.745682
1.0,73,57.448498
1.0,74,58.891486
0.0,23,59.128307
1.0,75,60.577304
0.0,23,60.815511
0.0,25,61.048679
0.0,23,61.254913
1.0,58,62.534942
0.0,28,62.79869
0.0,23,63.016001
0.0,25,63.251304
0.0,26,63.501712
0.0,25,64.456413
0.0,23,64.686074
0.0,23,64.917407
0.0,23,65.138115
0.0,25,65.36994
0.0,23,66.295086
0.0,25,66.533081
0.0,23,66.787286
0.0,28,67.040168
0.0,27,67.274945
0.0,31,68.275021
0.0,28,68.535638
0.0,23,68.763669
0.0,28,69.02661
0.0,27,69.272234
0.0,29,70.272885
0.0,28,70.544591
2.0,98,72.189434
0.0,23,72.404627
1.0,74,73.115151
0.0,23,74.05807
2.0,123,75.199951
0.0,23,76.147453
0.0,27,76.386033
0.0,28,76.663824
0.0,25,76.884434
1.0,71,78.252893
1.0,51,78.724484
0.0,25,78.957896
0.0,26,79.913488
1.0,70,80.551368
0.0,26,80.775965
0.0,23,81.723492
0.0,26,81.957118
0.0,28,82.216542
0.0,23,82.429069
0.0,28,82.679288
0.0,23,83.630184
0.0,23,83.837009
0.0,27,84.100281
1.0,51,84.56955
3.0,169,87.595495
0.0,23,87.811245
0.0,28,88.057223
0.0,23,88.28689
0.0,23,88.507834
0.0,28,89.480463
0.0,23,89.691376
2.0,120,91.489376
0.0,25,91.736326
0.0,25,91.965312
0.0,23,92.164473
0.0,23,93.102857
0.0,25,93.323414
0.0,42,93.695778
0.0,23,93.938689
0.0,28,94.193865
0.0,23,95.133278
0.0,26,95.370756
2.0,98,97.021408
0.0,26,97.26566
0.0,35,97.57207
2.0,98,99.218391
0.0,23,99.452342
0.0,26,99.690573
1.0,84,101.183481
1.0,76,101.853074
0.0,23,102.808851
0.0,34,103.140415
0.0,27,103.377796
0.0,25,103.598534
0.0,28,104.570406
0.0,23,104.801809
2.0,102,106.470107
0.0,31,106.75245
1.0,58,107.293281
0.0,35,107.613375
0.0,23,108.559983
2.0,98,109.484665
0.0,28,110.448158
0.0,29,110.71104
1.0,71,111.367232
2.0,98,112.982542
3.0,154,115.136298
0.0,23,116.094972
1.0,75,116.795343
1.0,82,118.268305
0.0,23,118.506082
2.0,109,120.242921
2.0,100,121.873974
0.0,25,122.108214
1.0,74,122.771317
0.0,23,123.742421
0.0,28,123.998342
0.0,31,124.292653
2.0,98,125.923911
0.0,27,126.15875
0.0,23,126.38444
0.0,31,126.657282
0.0,26,127.627292
2.0,98,128.520909
0.0,45,129.666258
2.0,98,131.322029
0.0,30,131.604315
1.0,75,132.294028
0.0,25,133.280308
0.0,23,133.493361
2.0,98,134.392235
2.0,102,136.093218
0.0,27,136.361292
0.0,23,137.294049
1.0,76,137.983069
2.0,98,139.647666
0.0,26,139.898092
0.0,26,140.151567
0.0,23,141.081037
1.0,76,141.792698
0.0,23,142.038945
0.0,30,143.030228
0.0,27,143.286416
0.0,28,143.547943
0.0,25,143.784185
2.0,98,145.398746
2.0,102,147.088586
0.0,27,147.333963
1.0,81,148.795594
1.0,78,149.516038
2.0,98,151.148633
1.0,77,152.587609
0.0,23,152.810947
0.0,28,153.082122
0.0,32,153.362438
2.0,98,155.031261
0.0,26,155.280277
1.0,53,156.487317
0.0,23,156.731715
0.0,36,157.072749
0.0,23,157.286117
2.0,101,158.951738
1.0,76,160.381345
0.0,25,160.64149
0.0,27,160.900421
0.0,23,161.12355
0.0,25,161.366494
0.0,23,162.304083
0.0,23,162.506534
0.0,26,162.750422
0.0,23,162.973256
2.0,98,164.593149
1.0,82,166.069579
0.0,25,166.313233
0.0,29,166.577415
0.0,23,166.791634
0.0,25,167.030402
0.0,31,168.028856
0.0,23,168.23942
2.0,98,169.86908
2.0,98,170.793891
0.0,28,171.808536
1.0,73,172.493251
1.0,85,174.028129
0.0,26,174.270193
0.0,23,174.48306
2.0,98,176.106468
0.0,27,176.346808
0.0,27,176.600833
0.0,25,177.561984
0.0,23,177.787709
0.0,27,178.049358
0.0,30,178.311581
0.0,30,178.587033
0.0,25,179.559005
2.0,98,180.443279
0.0,24,181.405515
0.0,27,181.64809
0.0,23,181.853501
0.0,23,182.065585
0.0,23,182.285582
1.0,53,183.490592
0.0,23,183.702995
1.0,71,184.352973
0.0,23,185.302865
0.0,23,185.536561
0.0,27,185.776181
0.0,25,185.995234
2.0,98,187.628701
0.0,23,187.843067
0.0,23,188.067568
2.0,101,189.711475
0.0,25,189.944381
0.0,26,190.916396
0.0,36,191.242371
0.0,23,191.467196
0.0,27,191.720659
1.0,54,192.941134
0.0,26,193.170359
1.0,53,193.64381
2.0,98,195.293733
1.0,73,196.67033
1.0,74,197.372346
1.0,79,198.828015
0.0,31,199.110112
1.0,70,200.484399
0.0,32,200.76921
1.0,53,201.241963
0.0,26,201.497413
0.0,25,202.445183
0.0,23,202.65585
0.0,23,202.862558
0.0,31,203.149825
1.0,55,204.384857
0.0,27,204.625855
0.0,23,204.833537
0.0,26,205.075641
2.0,120,206.906663
0.0,23,207.108936
2.0,98,208.726601
0.0,23,208.956318
2.0,98,210.56814
0.0,23,210.768562
0.0,23,210.983681
0.0,30,211.983199
0.0,23,212.214683
0.0,29,212.471489
0.0,30,212.746328
0.0,23,213.694612
0.0,23,213.907607
0.0,23,214.129603
0.0,51,214.592966
0.0,25,214.822309
0.0,23,215.75186
0.0,29,216.005455
1.0,69,216.634676
0.0,25,217.59675
0.0,25,217.814578
0.0,25,218.06226
0.0,25,218.294639
0.0,23,218.507764
0.0,23,219.442547
0.0,38,219.79586
0.0,34,220.101583
0.0,31,220.375643
0.0,23,221.31988
1.0,57,221.843942
0.0,39,222.201694
0.0,25,222.427909
1.0,77,223.873742
0.0,23,224.098898
0.0,30,225.112259
0.0,29,225.38674
2.0,98,226.996658
0.0,28,227.241558
0.0,23,227.451283
0.0,28,227.711027
0.0,25,227.944939
0.0,39,229.046162
0.0,33,229.339928
0.0,23,229.578304
0.0,33,229.880274
0.0,27,230.843695
0.0,31,231.126506
0.0,26,231.385234
0.0,23,231.605882
1.0,83,233.083669
0.0,27,233.324027
0.0,23,233.533246
0.0,28,233.795162
2.0,98,235.4423
0.0,23,235.647556
0.0,25,236.624778
0.0,23,236.828556
0.0,23,237.033391
0.0,23,237.26648
0.0,34,237.568324
0.0,27,238.552457
0.0,25,238.770785
0.0,26,239.021674
0.0,23,239.246076
0.0,55,240.465643
1.0,56,240.986161
0.0,25,241.215156
0.0,26,241.453957
0.0,23,242.393479
0.0,28,242.643688
0.0,25,242.884305
0.0,48,243.319469
0.0,25,244.27123
1.0,51,244.754465
0.0,29,245.025674
1.0,74,246.419438
1.0,57,246.922655
4.0,184,250.074462
2.0,98,250.971079
0.0,28,251.949085
0.0,36,252.293799
0.0,30,252.559202
2.0,119,254.375721
0.0,23,254.599342
0.0,27,254.838557
2.0,101,256.499126
0.0,31,257.498326
2.0,121,258.596781
0.0,23,259.560876
1.0,70,260.196404
0.0,26,260.426391
0.0,34,261.458263
1.0,51,261.946313
2.0,98,263.565047
0.0,25,263.805321
1.0,74,265.195102
0.0,23,265.411472
1.0,76,266.098684
0.0,23,267.05746
0.0,26,267.304729
2.0,98,268.894096
1.0,73,269.574113
0.0,25,269.810643
2.0,98,271.442482
1.0,74,272.829154
1.0,77,273.53611
0.0,29,273.80293
1.0,71,275.158957
2.0,98,276.816162
0.0,23,277.020202
2.0,84,278.482701
1.0,79,279.193615
0.0,30,279.466484
1.0,69,280.828272
1.0,70,282.183951
1.0,77,282.868273
2.0,135,284.847051
0.0,23,285.051245
1.0,71,286.432303
0.0,33,286.742534
3.0,163,288.942456
0.0,23,289.885979
0.0,27,290.124528
1.0,51,290.616199
0.0,26,290.848832
1.0,74,292.242495
0.0,25,292.479843
2.0,100,294.142892
2.0,117,295.950018
0.0,29,296.209237
0.0,23,296.436797
1.0,66,297.855026
1.0,77,298.553579
0.0,23,299.497692
1.0,51,299.970105
3.0,154,302.091771
0.0,25,302.322841
2.0,100,303.955627
2.0,98,305.611968
1.0,74,307.049628
1.0,74,307.740399
1.0,76,309.150677
1.0,79,309.894541
0.0,23,310.877488
1.0,51,311.334353
0.0,29,311.612783
1.0,54,312.820528
0.0,26,313.080093
2.0,98,314.72261
0.0,28,315.005126
0.0,25,315.240088
0.0,30,315.50904
0.0,29,315.766137
3.0,163,318.729404
0.0,26,318.973642
0.0,26,319.203944
0.0,25,319.430286
0.0,26,319.667597
1.0,69,321.013831
1.0,54,321.531156
0.0,23,322.481851
0.0,25,322.709613
0.0,23,322.916257
0.0,23,323.140831
1.0,55,324.373345
2.0,101,325.301753
0.0,23,326.287235
0.0,23,326.488537
1.0,51,326.944842
0.0,25,327.190192
2.0,98,328.819398
1.0,55,330.065308
0.0,23,330.285997
0.0,23,330.517833
1.0,51,330.977367
0.0,31,332.010209
0.0,23,332.224524
2.0,98,333.108536
1.0,70,334.463157
0.0,25,334.69503
0.0,25,334.924525
0.0,27,335.896662
0.0,23,336.097337
1.0,69,336.723412
1.0,74,338.133108
1.0,78,339.586839
1.0,75,340.283683
1.0,78,341.692724
2.0,98,343.308683
1.0,51,343.782452
1.0,73,344.443063
1.0,52,345.650301
1.0,79,347.096214
0.0,23,347.305672
0.0,23,347.510698
1.0,55,348.000036
4.0,175,351.054503
2.0,98,351.921522
3.0,147,354.758282
1.0,56,355.279102
1.0,65,356.617126
0.0,25,356.837255
1.0,74,357.514423
2.0,98,359.169117
1.0,52,359.626139
1.0,78,361.063989
1.0,76,362.475238
1.0,86,363.242773
1.0,69,364.618701
1.0,74,365.268643
0.0,25,366.236149
0.0,25,366.467687
1.0,70,367.093447
1.0,69,368.448966
2.0,125,370.33603
0.0,26,370.573483
0.0,25,370.81585
0.0,27,371.787884
2.0,98,372.683656
0.0,23,372.895086
2.0,123,374.737456
1.0,75,376.140563
1.0,77,377.583533
0.0,23,377.809242
0.0,39,378.156086
0.0,26,378.388695
0.0,27,379.362437
3.0,151,381.478687
0.0,23,381.709307
0.0,25,381.930458
3.0,130,383.841445
1.0,54,385.065588
0.0,23,385.275446
2.0,84,386.038233
1.0,53,387.273851
1.0,59,387.799843
1.0,59,389.076631
0.0,34,389.37606
1.0,51,389.847184
1.0,73,391.221707
2.0,107,392.944865
4.0,173,395.224483
0.0,30,395.487304
1.0,53,396.71144
2.0,122,398.529491
1.0,54,399.041438
2.0,120,400.870721
0.0,33,401.182007
2.0,84,402.687513
0.0,31,402.972238
4.0,167,405.956851
1.0,74,406.640655
1.0,75,408.083104
1.0,51,408.569293
2.0,103,410.220027
1.0,61,410.767756
0.0,31,411.794683
0.0,27,412.047273
1.0,51,412.506174
2.0,124,414.374209
1.0,82,415.86803
2.0,118,417.671628
2.0,116,419.490503
0.0,23,419.723097
0.0,25,419.944006
0.0,30,420.218073
0.0,23,420.421026
1.0,52,421.611127
2.0,120,423.422379
2.0,119,425.218026
1.0,57,425.773839
0.0,32,426.054142
0.0,26,427.012686
1.0,72,427.682724
1.0,70,429.038589
1.0,52,429.497642
1.0,52,430.703342
1.0,54,431.210239
1.0,51,431.674097
1.0,60,432.937979
1.0,70,433.585553
1.0,52,434.786379
1.0,55,435.289288
2.0,83,436.81659
1.0,55,437.31702
0.0,27,437.557772
3.0,173,440.558641
1.0,55,441.070725
1.0,51,442.25488
2.0,85,443.024667
4.0,172,446.057826
0.0,27,446.311268
2.0,107,448.016977
1.0,52,448.503774
1.0,54,449.729413
0.0,30,450.017842
0.0,29,450.274494
0.0,26,450.510657
2.0,98,452.122699
0.0,25,452.340845
0.0,25,452.573592
0.0,25,453.526709
0.0,30,453.801652
2.0,118,455.605221
3.0,140,457.658777
1.0,74,458.34043
1.0,73,459.757326
1.0,75,461.169146
4.0,166,463.391667
1.0,76,464.073861
1.0,80,465.531551
1.0,54,466.03401
1.0,61,467.310583
0.0,23,467.524133
1.0,79,468.958339
0.0,26,469.20387
1.0,51,469.652868
3.0,172,472.684516
2.0,101,474.339408
4.0,173,476.65968
1.0,75,477.34304
1.0,80,478.801431
1.0,56,480.042204
1.0,69,480.695847
4.0,161,482.868049
1.0,56,484.103763
1.0,63,484.687792
1.0,59,485.968513
1.0,71,486.632304
1.0,54,487.845549
0.0,40,488.203631
1.0,52,488.6715
4.0,153,491.510421
1.0,72,492.207216
2.0,136,494.148895
1.0,72,495.533904
6.0,250,499.241789
0.0,40,499.615171
4.0,166,501.830695
0.0,26,502.820421
1.0,74,503.500231
1.0,78,504.925889
1.0,52,505.380268
5.0,195,508.656759
1.0,74,509.353997
1.0,78,510.770127
1.0,79,511.468253
1.0,72,512.856725
0.0,23,513.068431
0.0,25,513.295532
1.0,73,514.687038
1.0,54,515.19382
2.0,98,516.802965
1.0,51,517.99374
1.0,57,518.509331
0.0,27,518.749046
2.0,107,520.466011
2.0,107,522.15268
3.0,170,524.401201
1.0,52,525.587281
2.0,126,527.505918
0.0,29,527.759767
1.0,135,529.709072
2.0,101,531.345625
0.0,28,531.603571
4.0,153,533.722907
1.0,71,535.092001
1.0,64,535.694256
2.0,82,537.184186
3.0,135,539.129225
1.0,76,539.815391
3.0,190,543.012959
0.0,30,543.295062
1.0,51,544.501374
1.0,57,545.034484
1.0,81,546.483349
2.0,101,547.394325
2.0,118,549.217901
4.0,166,552.206767
1.0,74,552.908619
1.0,79,554.361575
1.0,52,554.824577
1.0,73,556.199007
1.0,69,556.815471
1.0,74,558.219695
1.0,77,559.64788
1.0,83,560.408586
2.0,104,562.069793
1.0,51,562.554696
1.0,55,563.785236
2.0,100,565.417645
2.0,107,566.401992
0.0,42,567.506207
1.0,51,567.967762
1.0,64,569.278885
1.0,61,569.824573
1.0,53,571.026409
1.0,72,571.66318
4.0,167,573.910676
1.0,61,575.205996
1.0,70,575.845726
4.0,163,578.807287
1.0,114,580.583317
1.0,51,581.062591
3.0,147,583.120158
2.0,89,584.681347
4.0,177,587.026486
1.0,94,588.628486
1.0,53,589.107609
1.0,73,590.521044
2.0,112,592.238308
1.0,78,592.923515
4.0,166,595.881863
1.0,51,596.368263
1.0,57,597.635499
1.0,56,598.142494
1.0,67,599.485774
1.0,54,599.992611
3.0,147,602.067789
0.0,23,602.274602
1.0,75,603.720666
1.0,51,604.208863
2.0,103,605.859465
0.0,23,606.078321
3.0,119,607.908505
1.0,53,609.126434
5.0,214,611.780993
1.0,100,613.388539
1.0,70,614.758467
2.0,100,615.685234
1.0,55,616.915841
1.0,60,617.452855
4.0,157,619.597972
4.0,173,622.617061
1.0,53,623.105919
3.0,171,626.121915
0.0,36,626.45906
1.0,59,626.98483
4.0,167,629.945098
3.0,140,631.919319
0.0,23,632.119445
1.0,75,633.542131
2.0,85,634.295498
1.0,51,635.489369
1.0,55,635.986256
1.0,57,636.48244
4.0,173,639.506494
1.0,58,640.031739
2.0,98,641.63874
1.0,81,643.088708
0.0,30,643.364208
1.0,79,644.056553
1.0,90,645.613855
0.0,23,645.828175
1.0,52,647.035928
5.0,204,649.598797
3.0,134,651.537152
1.0,52,652.773857
2.0,103,654.424812
5.0,190,656.86608
1.0,75,658.297437
1.0,78,658.99631
1.0,53,660.214737
5.0,177,662.524632
0.0,26,662.785778
0.0,25,663.744439
0.0,26,663.974528
0.0,28,664.228497
1.0,51,664.710987
2.0,92,666.264537
1.0,72,667.630562
3.0,178,669.965722
3.0,159,672.129767
1.0,51,673.32414
4.0,186,675.736028
1.0,56,676.954097
4.0,174,679.259773
2.0,86,680.741135
0.0,23,680.954765
1.0,54,681.454885
0.0,26,681.687354
0.0,26,682.646867
4.0,172,684.918218
1.0,51,685.38158
3.0,167,688.377716
0.0,34,688.689035
4.0,175,690.963499
2.0,127,692.865643
0.0,23,693.075893
1.0,54,694.287858
11.0,439,700.398973
0.0,28,700.664718
4.0,168,703.622757
3.0,129,705.559956
3.0,147,707.637642
0.0,30,707.923019
1.0,56,709.16419
1.0,58,709.675186
2.0,120,711.504474
0.0,27,711.742496
1.0,53,712.939526
0.0,24,713.161381
3.0,172,715.464298
0.0,23,715.674207
1.0,53,716.864945
4.0,170,719.103731
2.0,127,721.002596
3.0,191,724.165125
1.0,51,724.636018
2.0,93,726.217064
6.0,221,728.93734
4.0,218,732.31127
1.0,72,733.715838
4.0,166,735.938001
0.0,37,736.264883
0.0,28,737.270942
1.0,75,737.928523
4.0,157,740.065934
2.0,116,741.839709
2.0,82,743.304492
1.0,53,743.789058
1.0,76,745.202201
4.0,161,747.352001
3.0,147,749.430201
3.0,185,752.553581
4.0,173,754.810344
1.0,78,756.279023
0.0,31,756.55152
7.0,243,760.170055
1.0,84,760.948812
4.0,157,763.810246
0.0,97,764.702886
1.0,102,766.33668
3.0,147,768.380328
1.0,57,769.635498
1.0,62,770.185941
11.0,446,777.072846
2.0,91,778.643586
4.0,172,780.939896
2.0,117,782.697092
3.0,171,784.92209
1.0,57,786.187233
2.0,113,787.20736
4.0,140,789.935999
2.0,124,791.793633
2.0,126,793.672743
0.0,36,794.005247
1.0,52,794.462025
5.0,190,797.666597
4.0,221,800.366519
1.0,71,801.744074
4.0,218,805.189921
3.0,162,807.374905
0.0,23,807.604553
4.0,168,809.830207
4.0,194,813.073282
0.0,29,813.336201
1.0,63,814.604355
2.0,82,815.359476
2.0,93,816.918453
1.0,54,817.401523
3.0,149,820.182751
4.0,168,822.415009
4.0,168,824.663545
2.0,104,826.31292
5.0,208,829.653525
1.0,77,830.362025
1.0,82,831.836692
3.0,147,833.888321
1.0,55,834.408676
1.0,54,835.612618
3.0,161,837.792372
2.0,119,839.58342
0.0,23,839.799829
3.0,131,841.694853
3.0,172,844.705251
1.0,56,845.233423
3.0,154,847.332735
1.0,51,848.520941
0.0,27,848.760098
2.0,87,850.278531
1.0,57,850.778716
1.0,54,851.25701
2.0,98,852.88668
1.0,74,854.294607
0.0,27,854.532157
1.0,55,855.014882
1.0,55,856.225798
2.0,98,857.83448
1.0,73,858.484603
1.0,84,859.963271
2.0,91,861.506618
1.0,78,862.19238
3.0,132,864.111452
2.0,118,865.894499
1.0,78,867.336542
2.0,124,869.153272
2.0,127,871.036711
3.0,147,873.072609
1.0,80,873.796721
1.0,80,875.236695
1.0,77,876.663957
1.0,85,877.418695
1.0,52,878.617194
0.0,23,878.828748
2.0,103,880.48967
1.0,74,881.140444
1.0,74,882.548581
0.0,23,882.767671
2.0,118,884.524267
3.0,152,886.620882
4.0,175,889.646516
1.0,82,890.392753
1.0,70,891.78782
4.0,157,894.059524
1.0,55,894.580924
0.0,25,895.61321
2.0,107,896.61656
9.0,348,901.989744
1.0,81,903.487445
1.0,97,905.194834
2.0,130,907.276154
2.0,104,908.201323
6.0,215,911.734394
0.0,32,912.034007
1.0,73,913.499576
5.0,196,915.985202
4.0,163,919.048136
0.0,23,919.278185
0.0,26,919.536081
3.0,158,921.841051
1.0,77,923.286123
1.0,74,923.959782
5.0,214,927.462863
1.0,91,929.020428
1.0,976,943.236536
1.0,76,944.652527
2.0,177,946.97452
3.0,169,949.967127
3.0,156,952.101618
0.0,55,952.624906
2.0,101,954.278962
1.0,59,955.557468
4.0,167,957.846741
1.0,71,959.268318
3.0,167,961.542036
1.0,115,963.377924
1.0,99,965.029255
5.0,196,967.565778
3.0,178,969.928612
4.0,155,972.813009
2.0,150,974.921698
2.0,108,976.620121
1.0,51,977.089822
4.0,169,979.373413
1.0,76,980.812848
1.0,74,982.291769
1.0,80,983.025863
1.0,71,984.418028
6.0,218,987.105729
1.0,78,988.598353
1.0,80,990.098792
0.0,27,990.335741
3.0,130,992.257849
4.0,164,994.48851
1.0,81,995.954386
3.0,129,997.848482
4.0,184,1000.230267
0.0,23,1000.465415
0.0,25,1001.448699
4.0,141,1003.46894
4.0,179,1005.777689
0.0,39,1006.128638
0.0,23,1007.100374
3.0,150,1009.225306
4.0,171,1011.538238
1.0,61,1012.832542
1.0,58,1013.338689
1.0,51,1013.794845
2.0,118,1015.603492
1.0,72,1017.02732
0.0,30,1017.305791
2.0,125,1019.210433
0.0,23,1019.428502
2.0,91,1020.999081
2.0,111,1022.741245
1.0,77,1024.167549
1.0,77,1024.854587
6.0,213,1028.230547
1.0,74,1028.899087
1.0,76,1030.291728
2.0,127,1032.182106
2.0,131,1034.124533
0.0,23,1034.360347
3.0,135,1036.347642
1.0,73,1037.748184
4.0,158,1039.897577
2.0,106,1041.620444
4.0,169,1043.907668
2.0,87,1045.420839
4.0,170,1047.702559
2.0,129,1049.589932
1.0,57,1050.874017
4.0,152,1052.990278
1.0,57,1053.511869
5.0,205,1056.829203
3.0,144,1058.917968
1.0,59,1059.449225
5.0,175,1062.47441
2.0,86,1063.27134
2.0,111,1065.087934
1.0,57,1066.338008
1.0,53,1066.830659
1.0,51,1068.012219
3.0,168,1070.298892
4.0,195,1072.807899
0.0,23,1073.769437
1.0,73,1074.416873
6.0,218,1077.937407
2.0,89,1079.476024
2.0,93,1080.301166
0.0,25,1081.278214
4.0,181,1083.649193
2.0,100,1085.309684
4.0,190,1087.74722
3.0,135,1089.703555
4.0,187,1092.864661
1.0,53,1093.336503
0.0,23,1093.550431
1.0,72,1094.946885
3.0,145,1096.990046
1.0,64,1097.564654
1.0,55,1098.801305
4.0,183,1101.186275
6.0,222,1104.648132
2.0,118,1106.440084
2.0,120,1108.283109
2.0,145,1110.329048
2.0,82,1111.811824
4.0,176,1114.086371
0.0,26,1114.342734
3.0,156,1117.236335
2.0,124,1118.336874
1.0,51,1119.545709
2.0,88,1121.062272
1.0,71,1121.704262
3.0,134,1123.643028
0.0,25,1123.868729
3.0,148,1126.721051
3.0,135,1128.72732
1.0,56,1129.244324
6.0,252,1133.018263
6.0,246,1136.728162
1.0,69,1137.360575
3.0,129,1139.234525
2.0,89,1140.776561
1.0,76,1142.185126
1.0,76,1142.866948
2.0,98,1144.506915
6.0,236,1148.10063
0.0,29,1148.359451
3.0,170,1150.618643
3.0,167,1153.585461
0.0,23,1153.810836
2.0,87,1155.312568
2.0,88,1156.104996
1.0,78,1157.522377
4.0,174,1159.843152
2.0,98,1161.465285
2.0,125,1163.347854
1.0,76,1164.750936
1.0,78,1165.457294
2.0,131,1167.372538
4.0,155,1169.507814
4.0,192,1172.761689
0.0,25,1172.990952
1.0,77,1174.423329
2.0,84,1175.17896
3.0,114,1176.98293
4.0,157,1179.866691
2.0,88,1180.666018
1.0,55,1181.912417
4.0,194,1184.424046
1.0,69,1185.897317
4.0,172,1188.236391
1.0,59,1189.542326
5.0,201,1192.107121
1.0,78,1193.582242
4.0,155,1195.724267
3.0,140,1197.758836
4.0,166,1200.075186
1.0,54,1201.309208
1.0,56,1201.798539
3.0,130,1203.792312
1.0,75,1205.29687
1.0,52,1205.755019
2.0,105,1207.431756
2.0,120,1209.244195
5.0,190,1211.706393
1.0,74,1213.10424
1.0,61,1213.647048
3.0,136,1216.385156
1.0,72,1217.013498
4.0,153,1219.127929
3.0,157,1221.969847
6.0,207,1224.537021
1.0,57,1225.773765
2.0,106,1226.730755
1.0,51,1227.912992
2.0,122,1229.7318
5.0,205,1232.263756
3.0,156,1235.171319
1.0,75,1235.842659
2.0,83,1237.33048
3.0,154,1239.471071
3.0,141,1241.475115
4.0,175,1244.513323
4.0,161,1246.756677
0.0,23,1246.995357
3.0,153,1249.146893
1.0,57,1250.388148
4.0,142,1252.476943
1.0,58,1252.986953
1.0,53,1254.201916
3.0,150,1256.349927
1.0,74,1257.017183
1.0,80,1258.459883
1.0,76,1259.849378
3.0,149,1261.967557
1.0,53,1262.443383
0.0,25,1262.67039
2.0,85,1264.232539
5.0,166,1266.523187
4.0,173,1269.562902
5.0,201,1272.106976
3.0,133,1274.000917
1.0,84,1275.485451
3.0,148,1277.546496
2.0,98,1279.191624
1.0,51,1279.652124
1.0,75,1281.082247
0.0,23,1281.285162
0.0,25,1281.533064
1.0,51,1282.757094
4.0,180,1285.126497
1.0,59,1285.652557
1.0,52,1286.86531
3.0,153,1289.009168
5.0,190,1292.254196
1.0,81,1292.985412
1.0,86,1294.489989
1.0,82,1295.22133
1.0,78,1296.652663
0.0,23,1296.867476
2.0,109,1298.595649
3.0,121,1300.436644
2.0,111,1302.174865
6.0,214,1305.566659
3.0,130,1307.490767
1.0,73,1308.133986
7.0,227,1311.623115
1.0,147,1313.700909
1.0,86,1315.207182
0.0,23,1315.42311
1.0,69,1316.052892
3.0,162,1318.974054
3.0,151,1321.078765
1.0,56,1321.57512
5.0,192,1324.778875
2.0,104,1326.466414
4.0,184,1328.834023
3.0,160,1330.967465
4.0,158,1333.860068
3.0,132,1335.773093
4.0,177,1338.097226
4.0,161,1340.272706
4.0,165,1343.190714
1.0,77,1343.874924
0.0,23,1344.087245
0.0,23,1345.036947
2.0,101,1345.946673
0.0,28,1346.936786
2.0,120,1348.008173
4.0,188,1351.16701
4.0,197,1353.736757
1.0,65,1355.06304
1.0,70,1356.401403
0.0,23,1356.60113
3.0,134,1358.525094
3.0,153,1360.619354
1.0,77,1362.021575
1.0,55,1362.505128
5.0,170,1364.751721
4.0,167,1367.741827
5.0,196,1370.229977
2.0,123,1372.064714
2.0,104,1373.758201
2.0,162,1375.963761
5.0,191,1379.16768
3.0,156,1381.356771
1.0,54,1381.852674
1.0,76,1383.274178
1.0,57,1383.818954
1.0,69,1385.209094
1.0,54,1385.698026
4.0,178,1388.76117
1.0,52,1389.219485
4.0,156,1391.389796
2.0,102,1393.069856
3.0,116,1394.873116
3.0,124,1396.723066
1.0,60,1397.263756
2.0,60,1398.561211
3.0,147,1400.628611
2.0,119,1402.485648
2.0,88,1404.059776
2.0,102,1405.725623
2.0,128,1407.638214
5.0,178,1409.983199
1.0,73,1410.645896
2.0,124,1412.487248
1.0,76,1413.895965
1.0,75,1415.28714
7.0,242,1418.88886
1.0,54,1419.372922
1.0,74,1420.761373
4.0,177,1423.089354
1.0,74,1423.761969
1.0,51,1424.984854
6.0,202,1427.545519
1.0,83,1429.033077
6.0,201,1432.297383
3.0,158,1434.450235
4.0,186,1436.848563
5.0,229,1440.399048
2.0,135,1442.386441
1.0,134,1444.329
2.0,122,1446.154856
4.0,171,1449.133122
1.0,54,1449.616274
4.0,183,1452.049751
0.0,81,1453.556639
4.0,181,1455.898172
1.0,51,1457.085176
1.0,55,1457.566373
4.0,173,1460.560634
3.0,170,1462.862674
4.0,183,1465.280343
1.0,51,1466.543399
1.0,52,1467.002822
4.0,192,1470.22587
4.0,173,1472.541777
4.0,168,1474.824873
6.0,217,1478.246673
2.0,99,1479.886929
2.0,86,1480.660016
0.0,31,1481.663927
6.0,226,1484.434302
1.0,51,1485.62742
1.0,55,1486.123364
0.0,23,1486.325638
1.0,56,1487.548315
1.0,57,1488.06635
8.0,296,1492.895579
1.0,62,1493.438113
3.0,160,1495.586811
3.0,175,1498.615351
1.0,73,1499.258799
2.0,82,1500.729148
1.0,54,1501.2145
2.0,84,1502.763219
5.0,220,1506.167596
4.0,155,1508.309143
1.0,69,1509.687191
0.0,23,1509.9
2.0,86,1510.686599
5.0,199,1513.919656
2.0,108,1515.612971
2.0,100,1517.26724
4.0,188,1519.762417
4.0,179,1522.18098
1.0,57,1523.471723
5.0,191,1525.95493
2.0,98,1527.576303
3.0,159,1529.761101
1.0,56,1531.028651
1.0,57,1531.536191
4.0,189,1534.731737
0.0,23,1534.945572
3.0,132,1536.899607
7.0,244,1540.566219
0.0,32,1540.872971
3.0,150,1542.96426
4.0,168,1546.013977
2.0,111,1547.005689
4.0,157,1549.887496
3.0,183,1552.284357
4.0,182,1555.374731
7.0,241,1558.232056
1.0,103,1559.889254
1.0,60,1561.175168
4.0,145,1563.186543
1.0,75,1563.91167
4.0,154,1566.737916
1.0,81,1567.473099
0.0,30,1567.742009
5.0,217,1571.137143
2.0,116,1572.946409
4.0,169,1575.203631
4.0,160,1578.077342
5.0,175,1580.394222
1.0,58,1580.926661
1.0,48,1582.101843
4.0,172,1584.396775
4.0,156,1586.523582
1.0,79,1587.990252
1.0,79,1589.451773
2.0,120,1591.287745
3.0,150,1593.382452
6.0,209,1595.974853
2.0,87,1597.500481
2.0,144,1599.585851
0.0,29,1599.87706
4.0,171,1602.939736
2.0,90,1603.746775
5.0,203,1607.041128
4.0,180,1609.451369
1.0,169,1612.439225
4.0,169,1614.748466
3.0,123,1616.593437
2.0,126,1618.479085
1.0,57,1619.006206
1.0,49,1620.189668
3.0,152,1622.308081
3.0,132,1624.290475
6.0,238,1627.921996
1.0,75,1629.387181
2.0,105,1630.3296
0.0,23,1631.283831
4.0,195,1633.778544
0.0,25,1634.01143
1.0,72,1635.429213
4.0,174,1637.70767
2.0,101,1639.358058
3.0,134,1641.266095
0.0,25,1641.482945
3.0,154,1643.573439
2.0,98,1645.212514
6.0,216,1648.641602
1.0,75,1649.311362
1.0,74,1650.703058
4.0,176,1653.085822
4.0,180,1656.22215
1.0,51,1656.70521
2.0,105,1658.386489
1.0,56,1658.888331
2.0,103,1660.536319
2.0,98,1662.157307
5.0,190,1665.368024
5.0,197,1667.863578
4.0,196,1671.092076
4.0,148,1673.151811
1.0,51,1673.601891
2.0,100,1675.244296
1.0,72,1675.892889
2.0,102,1677.562664
1.0,74,1679.067422
4.0,159,1681.220012
2.0,100,1682.887113
3.0,120,1684.687863
1.0,57,1685.197225
6.0,220,1688.614048
1.0,50,1689.053507
4.0,167,1692.009591
2.0,103,1692.935641
1.0,54,1694.153877
3.0,132,1696.178907
2.0,110,1697.900749
1.0,51,1698.359392
3.0,138,1700.366869
2.0,100,1701.985724
5.0,198,1705.267884
3.0,160,1707.479452
2.0,98,1709.094045
4.0,153,1711.194216
4.0,173,1713.559677
6.0,218,1717.145366
5.0,222,1720.664222
1.0,69,1721.293503
4.0,176,1724.322138
3.0,160,1726.568032
4.0,180,1728.972854
2.0,127,1730.846411
5.0,190,1734.060794
4.0,196,1736.611381
2.0,106,1738.309317
2.0,104,1740.016987
3.0,155,1742.149471
3.0,116,1743.916956
2.0,100,1745.556542
4.0,175,1747.874831
4.0,139,1749.846002
2.0,92,1751.406385
5.0,190,1753.8358
12.0,437,1760.821898
4.0,150,1762.934181
2.0,123,1764.799424
2.0,117,1766.62212
1.0,52,1767.097631
5.0,194,1770.425629
1.0,74,1771.139101
2.0,107,1772.870916
4.0,142,1775.011137
3.0,147,1777.364989
1.0,57,1778.645213
1.0,59,1779.180525
1.0,70,1780.550683
3.0,131,1782.458194
12.0,456,1788.923179
0.0,23,1789.896619
1.0,74,1790.557194
1.0,80,1792.012177
2.0,90,1793.569379
5.0,191,1796.094682
1.0,59,1797.363603
4.0,145,1799.437973
1.0,57,1799.959363
3.0,74,1801.364913
5.0,181,1803.757869
2.0,108,1805.518323
2.0,113,1807.285277
6.0,226,1810.763101
1.0,51,1811.226369
4.0,170,1813.50892
4.0,173,1816.552068
4.0,156,1818.654583
5.0,215,1822.03594
2.0,102,1822.949569
4.0,152,1825.775411
2.0,88,1826.587062
2.0,102,1828.241313
9.0,358,1833.639666
5.0,312,1837.979152
5.0,194,1841.228771
1.0,55,1841.734102
2.0,86,1843.226948
5.0,168,1845.465985
5.0,178,1848.597914
4.0,167,1850.893154
3.0,155,1853.053495
2.0,103,1854.714124
7.0,239,1858.367621
1.0,46,1858.820067
4.0,170,1861.1199
4.0,154,1863.954743
3.0,157,1866.111107
3.0,151,1868.221115
2.0,89,1869.811274
1.0,51,1870.273236
2.0,101,1871.92798
5.0,176,1874.281819
4.0,175,1877.518798
2.0,120,1879.398886
13.0,484,1886.072649
6.0,211,1889.52777
6.0,281,1893.577976
4.0,428,1900.437278
0.0,211,1903.078377
2.0,100,1904.80599
2.0,119,1906.634289
5.0,201,1909.892722
4.0,179,1912.275098
4.0,158,1914.431675
4.0,187,1917.635702
2.0,106,1918.588696
4.0,173,1921.615746
3.0,145,1923.696867
2.0,106,1925.387079
0.0,23,1925.608628
5.0,177,1927.937663
4.0,156,1930.806667
1.0,73,1931.470642
5.0,201,1934.711145
3.0,147,1936.772274
6.0,237,1940.392232
3.0,151,1942.528383
3.0,138,1944.562019
4.0,159,1946.773284
2.0,101,1948.407966
2.0,107,1950.127458
4.0,179,1952.502616
7.0,266,1956.346381
4.0,145,1958.442291
3.0,130,1960.377237
3.0,154,1963.221903
2.0,89,1964.026715
6.0,240,1967.651113
2.0,109,1969.388031
4.0,168,1971.660563
1.0,61,1972.927528
3.0,175,1975.216863
5.0,197,1978.485088
4.0,178,1980.816966
4.0,168,1983.078918
4.0,164,1986.019724
2.0,83,1986.787057
6.0,228,1990.420258
7.0,247,1994.212988
4.0,152,1996.335784
0.0,25,1996.592069
2.0,103,1998.237737
5.0,198,2001.484775
4.0,178,2003.810866
7.0,227,2007.320104
4.0,159,2009.508353
6.0,208,2012.857223
5.0,226,2016.332669
6.0,235,2019.223874
5.0,194,2022.443865
9.0,348,2027.782207
1.0,53,2028.26713
5.0,192,2031.465783
1.0,84,2032.23398
4.0,168,2035.255797
2.0,106,2036.243392
1.0,55,2037.486335
4.0,160,2039.673251
4.0,180,2042.041039
4.0,170,2045.050636
2.0,119,2046.867675
5.0,174,2049.150098
1.0,61,2050.487285
5.0,196,2053.039023
3.0,136,2055.029439
0.0,25,2055.264864
1.0,57,2056.503746
0.0,27,2056.74821
1.0,55,2057.235561
4.0,153,2060.094261
2.0,112,2061.856675
5.0,200,2064.459387
1.0,58,2065.739564
4.0,146,2067.817773
1.0,51,2068.277371
7.0,215,2071.742301
4.0,151,2073.832232
1.0,72,2075.232665
1.0,47,2075.646362
0.0,23,2075.863881
3.0,151,2077.956593
3.0,155,2080.082992
5.0,200,2083.343219
5.0,185,2085.735466
4.0,182,2088.895187
4.0,158,2091.075001
5.0,204,2094.376502
4.0,155,2096.532254
5.0,206,2099.921522
7.0,245,2102.909361
11.0,432,2109.748549
1.0,115,2111.568424
1.0,54,2112.048678
4.0,163,2114.248873
1.0,69,2115.631351
2.0,104,2117.292744
5.0,196,2119.780591
5.0,213,2123.159261
6.0,241,2126.79916
9.0,325,2131.197611
4.0,187,2134.303812
4.0,141,2136.32108
4.0,162,2138.518506
4.0,213,2141.87075
3.0,147,2143.95634
2.0,124,2145.796894
0.0,25,2146.041622
1.0,74,2147.429255
2.0,125,2149.276932
1.0,51,2149.744199
3.0,150,2151.834608
6.0,206,2155.154456
6.0,206,2158.481259
3.0,145,2160.501401
4.0,171,2162.761373
2.0,103,2164.423598
2.0,127,2166.308359
2.0,107,2168.009175
5.0,214,2170.688406
0.0,23,2170.897916
1.0,54,2172.110747
1.0,57,2172.642689
1.0,71,2174.007421
2.0,86,2175.528002
7.0,244,2178.467835
1.0,64,2179.786225
5.0,197,2182.988428
5.0,328,2187.391786
2.0,1328,2206.69024
4.0,153,2209.547128
0.0,24,2209.76437
2.0,92,2211.322864
4.0,167,2213.571755
3.0,157,2215.733872
6.0,216,2219.16037
4.0,181,2221.535344
1.0,83,2223.016956
1.0,52,2223.517527
4.0,160,2225.704438
2.0,101,2227.372472
5.0,196,2230.612836
5.0,183,2232.992914
6.0,222,2236.500464
2.0,131,2238.454406
5.0,192,2240.913619
3.0,153,2243.802261
3.0,124,2245.676484
1.0,52,2246.135567
2.0,64,2247.46154
4.0,155,2249.6063
5.0,174,2251.876453
11.0,455,2258.880191
2.0,111,2260.592466
1.0,86,2261.369268
3.0,145,2263.413208
3.0,131,2265.323016
3.0,153,2268.149025
6.0,222,2270.917143
4.0,176,2274.010169
6.0,218,2276.706514
2.0,85,2278.209849
6.0,220,2281.692952
1.0,59,2282.234382
1.0,61,2283.547211
5.0,193,2286.041842
4.0,173,2289.032984
2.0,86,2289.812368
2.0,102,2291.464358
3.0,134,2293.399269
2.0,121,2295.237346
7.0,226,2298.734326
2.0,89,2299.539027
1.0,58,2300.794181
3.0,97,2302.38394
4.0,186,2304.784438
5.0,212,2308.199095
3.0,158,2310.337647
3.0,158,2312.522622
5.0,196,2315.747178
1.0,51,2316.242351
2.0,94,2318.016392
0.0,28,2318.296188
1.0,71,2319.805849
1.0,58,2320.3293
5.0,193,2323.588504
5.0,207,2326.224286
2.0,123,2328.085707
1.0,80,2329.542177
6.0,219,2332.971799
5.0,161,2335.214746
1.0,70,2335.903993
1.0,56,2337.169687
6.0,220,2340.865778
2.0,108,2341.827506
5.0,178,2344.934003
5.0,200,2347.461208
4.0,177,2350.476894
1.0,74,2351.130236
4.0,186,2354.254454
4.0,169,2356.501648
4.0,141,2358.524864
6.0,226,2361.963462
1.0,59,2362.492433
1.0,49,2363.658418
2.0,101,2365.319946
2.0,93,2366.160702
5.0,220,2369.558156
3.0,153,2371.643543
4.0,164,2374.544859
6.0,236,2377.391629
